{
  "loss": 5040.0419921875,
  "val_loss": 5637.17333984375,
  "epoch": 299,
  "global_step": 24900
}