{
  "loss": 5090.77880859375,
  "val_loss": 5719.43408203125,
  "epoch": 299,
  "global_step": 24900
}