{
  "loss": 5011.0302734375,
  "val_loss": 5531.56884765625,
  "epoch": 52,
  "global_step": 4399
}