{
  "loss": 5003.77294921875,
  "val_loss": 5527.8505859375,
  "epoch": 79,
  "global_step": 6640
}