{
  "loss": 5033.53564453125,
  "val_loss": 5624.201171875,
  "epoch": 299,
  "global_step": 24900
}