{
  "loss": 5001.6005859375,
  "val_loss": 5551.29638671875,
  "epoch": 292,
  "global_step": 24319
}