{
  "loss": 5087.15380859375,
  "val_loss": 5506.14697265625,
  "epoch": 11,
  "global_step": 996
}