{
  "loss": 5005.59033203125,
  "val_loss": 5543.77001953125,
  "epoch": 73,
  "global_step": 6142
}