{
  "loss": 5012.69189453125,
  "val_loss": 5588.04736328125,
  "epoch": 295,
  "global_step": 24568
}