{
  "loss": 5075.357421875,
  "val_loss": 5696.77978515625,
  "epoch": 299,
  "global_step": 24900
}