{
  "loss": 5005.4462890625,
  "val_loss": 5526.59521484375,
  "epoch": 66,
  "global_step": 5561
}