{
  "loss": 5065.11181640625,
  "val_loss": 5522.43994140625,
  "epoch": 23,
  "global_step": 1992
}