{
  "loss": 5071.341796875,
  "val_loss": 5534.11962890625,
  "epoch": 14,
  "global_step": 1245
}