{
  "loss": 5049.1083984375,
  "val_loss": 5514.7001953125,
  "epoch": 7,
  "global_step": 664
}