{
  "loss": 5015.3056640625,
  "val_loss": 5527.470703125,
  "epoch": 82,
  "global_step": 6889
}