{
  "loss": 5006.66845703125,
  "val_loss": 5525.8251953125,
  "epoch": 69,
  "global_step": 5810
}