{
  "loss": 5182.8193359375,
  "val_loss": 5834.01171875,
  "epoch": 299,
  "global_step": 24900
}