{
  "loss": 5009.2939453125,
  "val_loss": 5573.11474609375,
  "epoch": 299,
  "global_step": 24900
}