{
  "loss": 5011.50634765625,
  "val_loss": 5524.361328125,
  "epoch": 52,
  "global_step": 4399
}