{
  "loss": 5005.99609375,
  "val_loss": 5523.19580078125,
  "epoch": 117,
  "global_step": 9794
}