{
  "loss": 5009.314453125,
  "val_loss": 5528.43359375,
  "epoch": 67,
  "global_step": 5644
}