{
  "loss": 5158.90380859375,
  "val_loss": 5517.79541015625,
  "epoch": 19,
  "global_step": 1660
}