{
  "loss": 5047.96630859375,
  "val_loss": 5526.0927734375,
  "epoch": 16,
  "global_step": 1411
}