{
  "loss": 5033.162109375,
  "val_loss": 5513.6025390625,
  "epoch": 36,
  "global_step": 3071
}