{
  "loss": 5093.5986328125,
  "val_loss": 5533.5751953125,
  "epoch": 21,
  "global_step": 1826
}