{
  "loss": 5048.78662109375,
  "val_loss": 5526.25439453125,
  "epoch": 10,
  "global_step": 913
}