{
  "loss": 5026.84326171875,
  "val_loss": 5614.43505859375,
  "epoch": 299,
  "global_step": 24900
}